event,start_s,end_s,duration_s,wavelength,n_samples,baseline_mean,window_mean,change_pct
Event1,644.894409,645.017503,0.12309400000003734,CH1-410,3,380.67253,380.536,-0.03586547208961344
Event1,644.894409,645.017503,0.12309400000003734,CH1-470,3,180.35472,180.255,-0.05529103979091676
Event1,644.894409,645.017503,0.12309400000003734,CH1-560,3,199.16931,198.77166666666668,-0.1996509067252017
Event2,1083.171341,1083.4598859999999,0.2885449999998855,CH1-410,6,367.2058800000001,367.21049999999997,0.0012581497877528491
Event2,1083.171341,1083.4598859999999,0.2885449999998855,CH1-470,6,178.40945,178.41133333333335,0.001055624202273009
Event2,1083.171341,1083.4598859999999,0.2885449999998855,CH1-560,6,197.06254,196.5958333333333,-0.23683175232933618
Event3,1503.451024,1503.628594,0.17757000000005974,CH1-410,4,356.04584,355.9985,-0.013296040757004857
Event3,1503.451024,1503.628594,0.17757000000005974,CH1-470,4,176.76386,176.6795,-0.047724687614314476
Event3,1503.451024,1503.628594,0.17757000000005974,CH1-560,4,195.92595999999998,195.61775,-0.15730942443766827
