wavelength,model,rmse,params
CH1-410,линейная,1.4675606101062757,"[-0.031, 402.023]"
CH1-410,1 экспонента,0.3099909114429356,"[115.33, 2681.273, 290.035]"
CH1-410,2 экспоненты,0.2873173345419071,"[1.334, 44.003, 118.781, 2811.494, 286.283]"
CH1-470,линейная,0.34023058945153045,"[-0.004, 183.389]"
CH1-470,1 экспонента,0.26754188525824335,"[16.293, 2637.417, 167.582]"
CH1-470,2 экспоненты,0.2549110396046375,"[0.917, 45.327, 19.124, 3378.07, 164.544]"
CH1-560,линейная,0.5044369585486068,"[-0.004, 201.758]"
CH1-560,1 экспонента,0.46346699725968865,"[14.832, 2647.222, 187.367]"
CH1-560,2 экспоненты,0.43173829302791417,"[-617.31, 560.951, 625.188, 568.024, 193.737]"
